team,xG,xGA,matches
Japan,1.6276144140216942,0.6490942018698191,8.0
South Korea,2.051268565794209,0.34554878402888645,8.0
Iran,0.7824572291084599,0.3456971440558072,5.0
Australia,1.9258093906806952,0.7679686153478963,8.0
Qatar,0.8942883958943375,1.453381464485325,10.0
Uzbekistan,1.3371074253104314,0.4487361952682881,7.0
Saudi Arabia,1.3595483261966437,1.0575002626564582,18.0
Jordan,1.664357713409591,0.9775864041126925,14.0
Oman,0.9411544061361236,0.9366137086551634,11.0
United Arab Emirates,1.5418798598956063,1.3783602004602742,13.0
Iraq,1.130031116906699,1.0629873791298725,12.0
Palestine,1.056686922184957,0.8578567672646112,8.0
Bahrain,0.9511899161255759,1.311861723562406,10.0
North Korea,0.9472772393237384,1.7826581119847489,2.0
Indonesia,0.7796900249375792,0.9369390951442391,6.0
Syria,0.9953728872074835,0.7777278378094638,11.0
China PR,1.0963011861583143,0.9531937121047959,3.0
Tajikistan,0.15725833646349535,1.575197154424329,5.0
Taiwan,0.17963940325914682,2.867315150197835,5.0
Kyrgyzstan,1.696238353870289,1.6396937809604444,2.0
Kuwait,1.3485275675625537,1.2223613550804426,10.0
India,0.059306376157288836,2.2437654533508837,5.0
Vietnam,0.17263810492058354,1.934709796037135,4.0
Lebanon,0.26687992402828736,0.6924246625731656,8.0
Thailand,0.4337652549455191,1.0309914498949264,8.0
Hong Kong,0.35689153486471975,1.5470463312424845,8.0
Afghanistan,0.11473305058768164,0.8533603436362759,3.0
Pakistan,0.07942062537955716,1.457948985200451,4.0
Turkmenistan,0.40670137067749446,1.0387128419922322,4.0
Malaysia,0.31282232452892483,0.6828767660783357,8.0
Yemen,0.15435833271672428,1.6687714557179902,5.0
Nepal,0.06579673791050253,1.5733049856772552,7.0
Bangladesh,0.21032913369007056,1.0512382788603387,7.0
Cambodia,0.23659729690666376,0.612822590969901,2.0
Myanmar,0.20845686141792588,1.456088405716383,4.0
Singapore,0.23757924566129046,0.5724378747055279,8.0
Maldives,0.0022284374303798314,1.4460690213047074,7.0
Philippines,0.12476606288682467,2.867315150197835,4.0
Sri Lanka,0.12894954097789277,0.4663340098397795,7.0
Laos,0.004439438325464966,2.857287815811058,4.0
Bhutan,0.0012199744600042467,2.867315150197835,5.0
Brunei,0.001065770973288766,2.867315150197835,5.0
East Timor,0.0011464868608664002,2.867315150197835,4.0
