team,xG,xGA,matches
New Zealand,1.713033004440475,0.9588178502244749,8.0
Papua New Guinea,0.03124808758152234,0.23567670155317372,3.0
New Caledonia,0.47625794774811875,0.005144713763691278,1.0
Solomon Islands,0.0010134827942637795,0.3681870146996846,2.0
Vanuatu,0.019641289239956606,0.1477746519804586,3.0
Fiji,0.0012495307944706336,0.7459648151152743,4.0
