team,xG,xGA,matches
New Zealand,1.7093383091342758,0.9429138587656195,8.0
Papua New Guinea,0.04038911474776478,0.31720303610486505,3.0
New Caledonia,0.48235364797947416,0.005055925856530083,1.0
Solomon Islands,0.00590587330578951,0.5150632754965773,2.0
Vanuatu,0.036123604153472336,0.23255303657866624,3.0
Fiji,0.0012714659912326355,0.8747169377932403,4.0
