team,average_opponent_strength,median_opponent_strength
Argentina,0.9456097560975609,0.9456097560975609
Spain,0.95,0.95
France,0.9280487804878048,0.9280487804878048
England,0.9368292682926829,0.9368292682926829
